"Query_1_Database_1","Query_1_Database_2","Query_1_Database_3","Query_2_Database_1","Query_2_Database_2","Query_2_Database_3","Query_3_Database_1","Query_3_Database_2","Query_3_Database_3"
548485,148883,178614,114044,224639,175662,827814,404377,692464
158529,264091,169862,96822,199947,172764,803937,291062,681999
153075,151993,164679,95161,251075,163037,795906,394109,679383
184761,148216,178779,94933,216100,164820,779563,544717,679624
153652,140416,227110,98261,258329,161173,804087,255596,684010
145864,144316,177729,98383,627609,161010,830346,237552,751757
151955,143286,167044,97705,250998,172572,780874,240611,679447
151702,151844,174247,94580,209684,163700,754899,234351,680699
161041,143680,198488,94768,207052,166464,777568,217776,678347
140123,143019,198241,94755,199326,162798,751154,234062,681398
161722,147781,179984,94336,201110,162141,747432,229011,680210
140268,144711,185150,93439,160766,198551,807645,329007,682236
149284,140216,183175,97611,187370,163403,749694,267135,681661
170064,140624,184755,97514,197102,169701,775471,266497,674936
168820,145699,180459,98253,166188,169241,764132,211889,681189
155102,144438,180146,93810,139031,163110,756959,215094,684730
151938,162380,194840,94559,116422,169509,749738,210775,680666
145222,141487,188402,94062,176890,164343,760734,231255,680551
149077,141485,179131,95558,150875,170198,760308,237909,679004
201159,139900,197170,95032,117044,174769,764635,238222,682522
147246,156199,170529,97210,180697,162810,762610,262538,690000
147197,150698,152859,105513,154463,167147,840293,289112,684055
145298,144017,147602,426103,147733,166566,766696,562194,680441
167759,140053,150565,96982,345318,170720,756010,257022,678299
151553,148062,147722,96231,134398,165208,764669,253950,682737
146521,144482,147015,121379,262048,164047,768495,262129,683925
146664,145817,310043,94511,143502,163789,756290,250906,685513
164207,139162,245827,95983,171728,164218,765888,246149,679698
145110,144572,162283,98746,124484,161748,808595,271106,678610
151885,169478,178225,99778,120811,161888,778759,252538,680143
174962,125346,150533,94547,120706,171497,807060,233802,681575
162094,151900,149542,95481,153229,162687,763608,365374,682826
146176,145504,166513,95179,121359,162753,770853,498559,684005
153235,165886,163862,94305,120251,161637,757574,303394,677366
152795,215739,148563,93579,121564,163023,766790,296160,678547
149715,217760,364953,93065,123510,180505,771671,281512,681431
206942,365210,359522,97115,122746,163391,757948,305651,678881
178968,239117,178580,93692,157642,161267,767197,298225,678139
174206,188842,153238,96024,140292,174058,756569,456810,682322
160189,247416,165113,97063,129698,162712,754742,290574,682165
151842,171449,160431,94222,198243,171113,780293,263609,686281
139532,189948,156862,97302,148905,161871,761110,288006,753673
165733,183215,165297,98093,133632,163727,790403,285805,685564
145095,176438,201257,97907,131408,162025,777747,254848,684392
147721,177686,171893,93913,128456,162580,785162,250783,679953
140012,139799,158985,94992,129089,166869,771458,237964,775889
144818,161383,179303,93667,128938,162705,754052,287776,680616
140821,158439,174307,95011,128438,170147,757345,229769,681163
144700,154197,151829,94171,131274,164709,777136,364851,678874
138131,148720,150937,94059,130825,164654,754747,269015,679783
142703,144936,182107,93955,128971,163126,762480,231364,679320
175718,139776,160579,93334,571591,162584,764610,230452,680806
139045,147382,164856,93292,136658,168882,760551,234040,684420
160361,137777,160175,95977,131700,162716,827453,252420,685747
181784,141440,182160,93154,128657,198525,764462,239702,677403
161296,137993,160972,93350,131969,170903,762911,207767,722316
148905,148344,199504,93104,130994,167741,785051,206967,712762
146065,140860,168899,92590,132419,166520,762773,269729,716295
160428,147042,142083,126301,130144,166468,752756,228804,685566
153051,144006,144928,140192,140349,173251,755842,219837,683891
152873,142370,140336,94570,132001,169472,765393,235125,679695
146539,141143,143256,98654,134550,172381,750513,233740,685216
148227,142880,143143,95484,130616,168236,757375,246601,688481
158921,136465,143351,95410,126900,164714,764697,228858,683094
143505,139525,140186,94216,129562,170987,783903,209879,682022
152339,136989,170148,94484,141949,166382,755297,214391,687546
150287,144093,148298,94210,130723,167718,753613,210007,683320
150192,135855,143444,94015,131028,166335,765492,245773,681783
144376,140663,144384,92972,125818,175896,750427,229693,681018
141092,152646,140124,93588,212455,165043,795743,215133,677835
149947,143915,140597,92665,244674,165786,809606,283077,684396
147804,142777,141857,93847,154676,165922,772065,265386,723715
147941,141974,142476,94407,157211,164941,779031,235693,679006
142024,130260,141382,94599,230762,166522,768618,216564,682495
152885,148647,140595,93418,242569,168475,763165,212149,684982
149265,153594,141520,94585,169186,165880,780709,225325,683732
146257,153460,140939,94531,145822,164906,758237,248266,683216
143596,235153,140493,93929,132062,171156,765073,239086,718445
147729,228599,184458,93608,127727,165539,764680,247756,682789
148444,216232,201225,95045,126923,176493,759711,257661,681459
137754,203233,169005,94776,126491,167556,788193,241288,734955
142654,223158,142621,94321,124687,165527,754783,238769,678833
150185,184952,147676,94282,131806,170015,747563,220386,679851
138801,167109,144587,94533,126152,168441,754988,337417,1246888
142467,166211,144741,94821,125662,170490,753359,241642,683588
174344,199150,145725,94176,126670,164795,818811,240881,689503
139673,147128,145322,93622,326091,172448,802702,245810,682742
149164,144906,146283,94621,130935,165044,766537,233998,682843
280936,147469,148440,94139,126302,175240,780626,725398,684521
153356,149935,145480,93469,126353,165923,745784,335398,683621
148991,168140,145967,93995,131695,167348,766427,481339,681127
157993,142318,144468,93886,131015,205187,753464,386476,683093
141906,135288,146203,138889,134887,162461,745963,817662,683525
147404,267656,145407,93292,135343,174618,759357,287466,686725
197146,235251,145475,93423,124663,166220,748609,659491,684060
231867,214856,148952,93323,125560,165241,748048,244760,685465
145597,213891,152413,94047,131993,165106,756303,234906,680114
137399,204342,160807,103542,311251,172619,760085,231497,686194
174722,217354,208722,98835,211033,172563,751184,633520,686165
144000,186478,153738,112844,257173,164432,767284,220327,682619
156865,188775,151962,97506,136747,166208,759513,208546,679032
142966,179354,152741,96044,156386,164067,750959,206400,685083
141608,191354,150457,99648,129082,174600,749651,215511,725755
144729,189292,150660,100113,129928,165678,765116,216040,698064
148061,188351,150871,100281,167096,166280,757757,236333,1276083
146624,178805,161305,97606,265424,166325,751487,230694,693985
191106,166282,206266,96614,167990,173423,789506,231970,680782
170202,161634,191855,97311,135737,165280,774998,224978,684005
165710,170020,147655,95862,130524,169446,747273,212085,682005
157328,160293,151490,96898,131681,176523,755383,286057,688306
173027,170087,173722,96861,126870,167945,759795,215466,682579
145035,168312,184911,98142,126941,177842,758652,215679,786088
144373,170969,156544,100274,127650,179343,764420,231703,683330
146760,152117,151985,98473,152680,166119,801991,235221,779335
142550,154972,151144,94868,208870,165259,747490,267225,717549
141474,144329,153233,97267,179631,173301,760529,221723,680414
140580,151399,150230,97018,172398,165530,762858,216197,685173
139722,210017,149731,97183,180700,167048,840740,217500,679651
154324,204960,150277,96780,182152,173603,768565,235446,679908
148320,188821,150161,99546,148187,165092,780073,264867,683270
140203,199642,149448,95833,129602,167872,780235,249604,684863
158267,169685,150744,94483,125135,167723,784205,244124,681833
155069,175206,151648,95895,126285,163658,771800,407054,682420
185723,156660,147973,120993,125415,165544,794485,248003,680104
154291,148886,151858,94600,124407,173563,751409,328978,680794
156350,151473,152081,94298,154567,172731,750893,382988,686561
160450,166855,152346,95764,126117,165309,758271,413751,677738
170482,151559,152159,94935,140637,176875,797942,335769,684344
148073,142755,149500,94164,136161,168478,753749,386876,687260
146250,174797,154369,93871,124203,168650,758714,431360,684377
152887,144886,148377,94297,127167,168237,746521,457941,679504
167838,257484,147197,93688,122394,168420,773388,235785,680851
145692,144070,200134,93706,123548,169392,754364,226084,683340
144096,113980,175264,93218,124082,167915,778988,238044,711985
153382,138830,148407,93679,124545,176335,796559,250375,681816
148343,151959,151515,93050,182238,166271,755300,245764,678065
146092,143906,149226,93351,145381,175202,780891,237570,681938
144494,140567,150061,94346,129893,167143,753861,247212,727453
138819,150261,148360,97408,128647,168669,765990,477776,721398
139912,144470,148476,97421,127817,168469,787477,247239,681527
154443,138045,144528,93426,140914,165901,752610,298528,683840
160049,135311,145195,93815,145969,168785,769256,265023,684947
183818,179409,144101,96261,131174,167859,779784,249409,1104938
144050,180345,144932,96434,128581,219790,767209,232756,1407704
142726,177568,145002,96742,128240,164925,756820,253760,1396706
159130,179039,149149,96722,127466,167291,751505,237337,1038240
160245,183821,152519,98901,125767,177517,766123,216385,1029994
110619,183242,148054,96437,125291,168912,751178,226838,1037011
138544,178339,146271,92753,126985,167425,827670,227496,911926
134690,162444,146967,106849,125682,164137,821565,243599,917620
134519,160046,146038,96553,127088,165704,782066,232386,891556
172844,197698,146807,96889,124659,171132,751386,226502,816174
162166,192717,147060,108333,124213,171637,772088,208240,819418
146779,206399,146231,96426,126735,168124,753353,207515,768804
146408,289181,143980,128487,125650,176812,751026,211009,751957
145858,244009,145226,205539,129050,168781,760547,209707,680823
154840,156245,144770,117851,126593,180720,766601,210232,1126161
144275,148455,144608,223006,130707,170028,775938,213216,682247
143569,172024,144085,192285,126662,167786,771855,232898,680735
168546,151627,144700,119306,125326,175234,768047,235708,681555
144987,238979,192588,118751,124066,165798,757839,226958,681150
150022,194823,287003,113647,125095,173368,760907,247367,692203
148962,193866,147674,112428,123940,166820,762601,216432,719485
148501,173412,141846,116284,124888,175442,760545,407890,704150
137808,171753,142051,116174,124396,167128,754581,292869,681813
156422,154454,145862,115535,124582,177413,793906,300813,678463
140202,172308,141662,120126,135734,167542,772144,316488,682994
144599,144380,141010,123114,129868,166307,875110,721716,677714
136036,159481,148574,115637,124716,177671,804564,270464,680384
141557,149012,146613,116881,125243,166586,818000,233703,682043
154236,158443,145840,122676,123483,174356,748576,229896,679504
134551,147194,145514,118331,124000,166101,770863,235903,679341
129815,159148,145334,124287,123874,196619,756697,223523,681258
134286,140141,144938,117408,123368,169031,746414,259220,683869
143923,167340,146217,121973,124531,175318,753447,257436,682070
135584,146460,146340,178566,124167,177837,761711,259479,681421
137523,139049,167060,106771,125082,171090,752363,262449,683690
138357,136384,144357,101375,124493,171309,754014,456802,778157
148301,138553,162295,188980,124628,167311,756164,225885,682325
140854,145356,161277,102520,123420,169280,779649,220547,774106
133593,137158,152272,103435,123508,168016,759734,215681,726103
130792,136334,152259,184355,124652,183274,761091,280966,682418
139017,137509,150865,205960,124099,167548,765771,960706,687396
130404,138729,149265,110641,123322,168197,763142,238393,683579
131433,180420,170778,105568,123482,166658,754907,262569,683457
138392,176144,151202,111205,123530,172873,767171,261827,681915
150762,178812,148580,99072,124637,168367,1042430,250238,682235
132585,181126,147444,99443,124190,171118,1568930,248865,680383
132521,177413,202097,98748,123880,177245,1466591,244710,682340
131938,185030,202523,99963,123537,179934,1173099,241682,684612
131934,179462,163634,99662,123277,185749,1142981,255647,686245
178118,163337,154063,102302,124097,167455,1039677,252075,679890
135450,158651,153054,147500,123631,168899,1020223,248385,682553
133779,159495,153237,119403,124822,170032,976201,344795,684276
138910,167783,151971,118367,124280,189456,929399,378927,685455
131399,164643,509380,116709,130924,167079,903537,619115,683687
128580,165921,167349,120756,126693,168077,817713,413373,686368
127959,172526,162584,123659,125169,174880,778683,411818,721488
128934,202386,151742,123618,123996,166782,759049,428955,722935
135433,161994,150815,117577,127710,178112,746837,376800,711947
131967,153954,150149,121125,129908,169082,840073,293312,687872
139588,151951,151045,118871,132866,168802,769465,264380,682971
135799,157601,150413,123859,131273,169588,786299,236731,681017
133448,277594,149644,163165,130974,167722,761535,253944,680614
164255,212017,153709,143871,129975,169991,754759,218596,681009
145129,200855,154628,120594,131278,166766,768029,234812,684256
140535,163561,154275,116885,134245,174092,806875,250883,681936
138784,178817,150651,123583,123932,168297,802260,242548,682780
138132,146759,151242,126553,123925,175466,837775,236978,770370
140293,156545,151202,120642,122782,170221,851858,228483,890038
148427,150679,150221,143636,124017,170009,781728,238111,682810
136311,174266,151228,120919,129910,168752,763171,663413,1231835
131985,151776,153018,119153,123654,168042,756234,247393,1409571
140951,156980,150869,129379,123488,175174,775539,260602,1393226
143494,140861,150165,119046,131547,170719,764406,238186,1034368
136574,159773,170125,118244,123042,174956,787035,246051,1032112
135622,148428,160848,117502,123487,178964,752916,246489,1018939
146061,292960,248201,118966,123541,190740,887566,236428,915966
146733,159494,193124,125289,123395,182955,783775,412861,915985
140035,150719,166007,133282,122842,178871,753951,1157625,878585
137225,139613,165018,124653,130461,177488,761388,283602,829926
162199,143195,266256,140322,124771,179219,767310,244608,821495
134411,145137,176012,133275,135210,184803,749572,225565,792694
136749,145823,163142,190518,124224,180733,787102,227944,761201
152642,138038,160379,135268,123171,178222,760154,212311,702723
157150,144146,170495,176959,123167,171159,882981,232469,781348
140835,143196,158702,123318,123162,186976,803835,234607,984603
138938,150002,214339,128021,122834,170315,754475,236364,1053122
149181,137252,245307,203404,122259,173767,758218,228428,920620
135244,136740,190541,132537,230568,172292,754976,233149,918163
132775,139838,344322,123850,125048,183991,758127,208857,887830
135971,136633,167579,122343,123621,168307,786829,206406,824410
144444,140081,161160,120589,124123,155815,792620,221351,824212
136104,137034,152248,114157,134310,153074,830668,228440,752483
154625,135947,149602,111769,190059,216699,845057,229068,747378
128740,135098,149197,130041,208582,213676,762568,236857,684843
131148,136530,144561,107815,128929,191472,752001,239610,687359
127832,138329,147402,104317,116588,189578,834005,269923,746395
131486,136386,147569,106525,128214,190427,762614,376574,694352
132143,139803,181382,98384,114087,189325,808347,312141,685051
130701,139464,174477,98043,115326,195685,768774,294801,686096
133244,139353,211266,106099,123125,190995,836036,330686,797585
131373,138966,148699,102000,124682,192062,854913,328778,689631
138175,135660,148690,100585,123643,190208,754400,317768,682383
136273,138544,145753,102154,123891,171908,764093,325251,681701
138096,165136,144271,102996,122340,174903,759064,339063,680753
134755,141166,149354,103973,122718,171798,784935,306848,682013
147092,147221,148859,135396,123012,171828,784264,290456,680973
132646,220319,148549,124669,122244,172254,767151,630010,681212
139904,219568,148118,121862,124842,172807,751051,263408,681454
134353,217741,145672,122822,236467,175748,882999,250465,679898
132889,249175,144707,126697,130205,159276,771191,213906,1589105
134264,243803,143931,121160,123498,157995,750318,207257,1322712
129100,208255,144272,119388,124411,170862,761047,206602,1284661
144135,173083,143367,117625,123608,165628,844149,212852,1035189
323883,181962,146317,127056,126487,180430,1015309,203684,1032733
143592,162333,147666,131000,124933,158576,752156,208712,996609
142893,166915,164886,121617,178718,141906,788108,205148,923402
139742,159435,143862,121906,222205,142638,870883,204350,922346
146216,156072,143858,125525,140758,170853,759317,204215,848603
132705,141870,144273,119695,146073,166488,769642,224943,828629
134503,146418,144733,126559,134799,163888,775076,217407,815762
137732,228008,181898,119704,142056,166272,767156,224125,863294
149856,142931,145877,150976,127986,170540,789251,214140,712841
133612,135059,148705,103459,192714,172722,770612,209962,736603
136804,137101,148426,104903,147254,169664,759379,207615,685545
136976,139600,146172,100195,156342,167780,901828,200042,836288
132665,139578,149826,99361,225199,167120,847873,200222,1456313
139882,138492,171526,222489,152532,169627,763316,207321,1400609
134850,159635,199527,99551,153634,171145,755235,205956,1167734
131473,201244,194256,104796,150845,167226,779507,236642,1031110
133243,208555,171844,100919,130485,165353,794742,203752,1023332
137360,205483,175007,102290,127902,165716,757568,202750,916410
140525,213627,155781,100999,189400,178974,790008,202798,915493
147673,211379,153683,126792,172115,166756,864127,200941,885678
140320,212074,149628,143974,143696,170387,763001,198020,826746
132062,204249,161144,144327,132169,164014,748176,206683,819018
137604,184950,250741,143207,183833,176963,805997,200437,746668
134327,184019,225370,117950,133584,164782,1004176,200671,745008
141849,192492,223835,117775,202307,173125,877267,204397,730691
135695,174909,221693,117794,130776,164173,770482,210138,693529
140452,184497,223093,143220,127630,174717,752412,204633,983982
165943,182965,222307,135429,124983,165579,885245,203945,1077644
142296,185304,200000,188243,127637,163528,779335,200649,1389832
131980,165109,213826,123961,125567,164230,772554,202446,1032182
141637,162584,201114,161756,124843,166878,785834,198590,1030657
140150,159600,606414,147201,125409,162451,774416,197911,1040510
155722,165097,197337,138562,123132,165182,771623,197676,917471
130077,160470,298387,150890,646676,166644,810592,205177,916036
137251,196802,221152,126119,124394,171820,779448,262293,1284153
137319,245837,204510,153957,933262,167884,867304,251288,825467
137887,218367,197312,131760,192789,181449,801013,254028,814804
131559,190877,200949,132104,178130,177468,794813,249430,741675
138294,180269,190121,134548,150426,179969,808810,218128,718105
133972,196037,180687,129708,145639,166788,762287,212088,725741
135571,166546,182276,129030,158265,166838,812896,223984,695186
130909,166526,179137,141618,144686,169128,754421,224525,980630
139571,159251,181610,120716,147660,175706,781870,231966,1311532
134685,185462,179334,122635,145350,188298,925456,212491,831950
143365,141615,179227,149603,153811,187041,770181,213879,1622992
136360,142457,180695,137363,144585,164677,757455,215754,1030779
129947,141934,162813,128874,131101,175127,768526,212854,1041466
127233,140784,163629,121255,128339,167450,758502,213575,920522
131351,163684,165097,122324,131547,177229,778175,217288,914020
240890,146928,164230,128812,135190,169145,748149,211599,891616
276331,138837,177000,124446,194022,175356,778154,212261,823726
265623,139489,154913,118778,181509,170371,885837,213941,824769
271528,133107,154961,117600,204476,170196,798244,214040,750350
303517,137716,155272,119512,210897,166701,777912,213028,742663
204284,134890,153289,125791,200444,170897,756198,216009,747044
194373,139422,152796,120478,165601,165384,753640,213453,685277
207486,143161,162313,129101,158444,178446,789749,214481,897501
170624,141901,182664,119585,137211,169437,757103,212737,1041765
177735,133895,253141,117174,145767,164718,754598,211265,1041861
175019,137594,198400,269430,131529,174433,876269,663738,918258
181506,132432,152423,121476,160065,175175,919445,213588,856023
180855,142031,150801,128294,185623,214179,773060,215138,821073
187880,135537,147886,122420,178640,168512,751496,211758,822667
222414,141213,148223,118930,177614,165369,763118,226381,743659
164890,135230,150926,127027,141489,168013,775513,225099,724511
156605,142739,149315,122610,130985,166889,940117,233930,680056
169306,137158,145598,130878,132562,171169,824300,212438,687515
160140,133539,145581,123575,127928,163949,920039,214402,679672
157177,132597,144723,124681,506283,165785,827823,214879,679623
146301,134148,145932,126242,126794,164560,780741,216175,683621
168536,136579,144974,128072,124536,168245,790398,212940,679487
147839,135132,145368,130040,126357,171347,781268,214537,682150
139547,133428,227254,122477,124935,164612,790391,212147,935312
139327,134463,219090,99570,125858,164593,940382,210946,1425058
131534,136947,218895,128257,125320,163568,940694,213230,1053124
138820,141801,220011,150989,124602,166504,907144,213552,972220
133966,263626,219940,133700,126211,168273,799123,212771,918997
187573,377980,219924,188110,124333,167050,779380,833728,911880
133880,285529,219889,210099,125064,165386,783813,215096,842170
159077,351249,221255,121707,127515,163696,792141,330804,824520
126912,345241,221128,125205,124459,187868,786390,212752,820296
133828,226092,195741,213188,122825,165476,1014313,213579,1251846
126497,233445,201453,224843,129199,164612,1095099,207714,688691
156151,223798,195230,142227,131018,162473,883780,210885,681294
162003,199025,194323,153812,124335,169193,831354,209080,687376
156859,198396,193322,140297,123890,185007,785116,208391,681297
137235,194416,193690,127262,124366,178456,793312,209778,681501
147292,182851,201697,153459,123906,186321,806105,210697,684844
143714,212962,196916,136852,128229,166518,781171,209961,727004
189814,215738,178429,120578,123609,175459,806967,208905,679514
147123,185359,179733,129142,183001,169114,862018,207619,744951
163455,177991,174053,121577,130305,170972,778918,208916,1343619
139319,167323,457510,147982,128578,163463,782589,208014,1396990
136256,165511,177620,124483,136291,179333,785968,209964,1250356
133551,164794,175315,127746,119997,164054,788345,213852,1029205
151116,165792,174201,122432,118803,175126,823961,210206,1026077
131635,167280,159648,149171,118531,165165,786254,214530,991634
141568,150837,158803,131219,119427,170149,1204719,206917,917418
131189,149975,163607,119295,118458,165001,908704,210334,915609
147543,155021,163921,120152,205611,172808,842366,209433,845717
132764,147024,163531,123942,175834,168532,788453,207399,825490
137809,139802,153904,124065,170804,171009,787200,773986,815889
136413,138059,154115,117791,145031,165060,776786,227217,763009
198651,142660,154915,118715,200979,167709,778296,223850,688627
177611,139572,150846,121399,191768,167938,800811,230772,917801
142450,142293,200862,126140,182706,173922,988787,208186,1415326
135163,140097,211447,126324,160972,169643,940006,207712,1237004
138310,141488,152487,118293,173770,192908,858680,206876,1029541
131168,139540,150850,120893,124787,192186,805407,206901,1030022
128599,145972,153200,119416,125398,181490,809088,206276,970042
127853,135779,173225,126852,123108,169313,895418,210128,912988
133449,135640,152574,125833,122526,166590,839107,207240,915976
183164,133285,152815,122462,121391,168891,1025744,208731,847749
140975,194063,149411,170110,118741,166467,881678,272096,819242
134577,133866,149692,138036,121643,170657,884809,266391,814081
132684,133839,154142,176160,119646,168145,800202,276025,743887
135416,140791,151685,218051,118687,167233,852350,257162,718290
132463,153954,146914,147861,117213,166566,791499,209299,679928
131588,163457,150464,100521,117658,176042,785514,206119,731000
131621,215223,145659,96756,116041,180191,1377866,206827,693238
135004,213738,144925,103678,117956,176327,1400193,208381,1438769
141219,231238,144184,192283,117429,163721,1806415,206666,1393485
170184,175692,296344,106437,116095,166468,1317803,209115,1034443
134365,178364,149167,98243,116754,167104,1152220,206446,1025656
130999,169819,145312,97519,117196,172973,1242114,206927,1558262
134553,178701,145486,98463,116607,169636,1124772,207134,943724
140020,183248,145329,96532,116986,179133,922426,207026,929058
152445,158053,145537,95537,117745,174578,924086,206258,920914
173085,165029,146771,94727,117133,181578,839581,213273,882766
134181,157232,148911,135126,115377,178181,808280,205850,824027
136337,162991,148866,124985,116448,184577,818490,213793,820677
148294,138893,173725,123049,116345,174110,1027212,210615,759229
132525,318402,198826,254150,123252,181364,1280043,306493,754349
201519,313077,222982,100983,119324,195320,1220749,207718,843063
150905,208496,146355,99138,118963,187389,1077520,210448,753142
135535,168278,145677,96948,117908,174394,1141006,207663,685765
143812,153380,147743,95064,118726,181097,1109010,207822,686425
132602,140860,149779,94983,116795,174028,1013724,206587,680082
138485,141147,149627,93910,116027,195967,1066292,206436,681861
136401,137399,149520,94588,116481,175683,1056372,212523,684269
133862,141950,145390,94642,115618,180665,938447,210507,682745
139102,143613,144875,127647,116245,175119,919947,206941,681391
136285,140626,145515,143179,116018,182134,865036,209417,681577
142942,144038,145539,130029,117142,183263,889282,207621,1249637
139993,138986,145362,108572,116532,205297,840449,207648,1416324
132678,144157,490709,99302,115956,177401,927999,206960,1301993
137397,140208,150196,107105,117377,175514,1171756,209751,1031366
135486,136724,149763,99192,110173,174840,853017,207576,1032618
137611,159471,149255,95620,110990,183600,810986,215801,1010026
129379,136831,148845,116244,110665,180570,977991,208008,998927
134741,137826,149811,212702,110800,175495,847549,208281,928167
141823,139103,149769,177031,110543,176221,936416,207414,1054479
141688,137290,152425,166395,109786,177453,881321,207095,822665
130331,138274,146116,192461,110434,181896,921575,206261,818255
134589,148420,145244,187146,109609,175385,834949,207987,785204
157005,145021,144938,133695,111092,172581,817487,207337,791084
149179,135517,145464,109885,110504,174725,822013,206087,682975
138606,135634,143947,126092,111401,192577,897522,210208,774054
135989,135607,145523,137321,109821,178031,830457,205669,682678
131382,139664,203524,121646,120515,173355,862611,207464,682661
138129,138137,192933,120287,126942,174409,946502,206496,686121
131881,137520,167186,112964,127720,175850,918628,209501,705461
136496,154097,146616,113374,127867,181839,804235,219190,721834
126298,383353,145322,118599,156935,177974,794630,206980,691483
132526,196122,146589,119924,131433,172737,906008,206717,681640
132837,238929,147754,105497,130427,174775,812990,208366,684143
139309,172731,146790,117075,128632,172694,860822,207124,1289971
130442,173943,146820,99982,720679,184655,805311,208826,1225954
127096,163564,145850,153812,123241,173449,843010,208742,834732
128609,168302,237830,118239,118360,174879,794149,212117,825901
128823,165815,146652,103661,119586,174565,825291,211133,746338
126920,159313,145545,96028,111507,182613,793518,210226,744777
135516,139766,146787,168523,112059,183225,944822,640333,684262
124068,170602,146083,278595,119703,174830,907436,251224,680338
125004,148230,145715,238162,110481,170001,932225,212055,679872
127808,251276,147227,223976,109556,176297,989176,232022,730951
125040,215709,146716,102325,109971,173711,860393,220517,684584
123945,209766,150415,147933,109612,176824,877626,219226,684500
152189,208700,148848,163487,109147,172448,786734,219337,687052
142707,341040,146360,188183,276513,174064,881619,211462,681744
144182,239834,146039,102210,111061,189234,892011,208898,680905
125396,212253,147382,109551,111954,176395,818673,207609,683045
133016,209836,148684,100806,114886,168153,858339,207805,685399
127391,183765,148179,95068,112806,174640,819956,207959,679150
129939,192799,154221,94702,112652,168478,799084,208976,702331
129624,185119,157160,93027,113775,170717,799284,208157,719656
135832,182115,287835,95895,113021,168279,1106595,209862,867014
127691,183234,180560,92125,111687,174155,1541545,210625,726892
126212,182895,166356,92039,113522,175623,1368035,242687,1314707
130068,192403,153473,92677,110590,173242,1203331,209072,1142350
130572,164389,146399,91479,108726,176243,1385904,215907,1032967
124907,162696,144857,92418,109581,176225,1144863,220072,1030183
132311,160606,145460,96771,109800,177937,926742,219180,945669
128894,162327,148439,91848,110089,171400,961918,225758,933312
158331,160817,148746,95776,109201,169929,940505,208404,960799
128047,164943,154049,123336,108679,194273,901817,685151,846783
130618,149259,142610,143609,109770,172580,936631,208880,827016
126688,204697,141850,98286,108813,179329,877474,210041,748155
127732,164544,141957,215526,109399,171163,842509,207790,729379
127455,152805,167719,107679,108897,171336,799628,211116,732284
126766,153709,170410,112383,109715,168086,781646,209761,680571
128800,139179,187450,192564,465296,171015,854616,207264,1011940
130960,141826,169616,101889,111662,191552,854420,209197,686959
140514,138923,166854,97307,110466,173231,1028080,208722,682707
126287,143928,168605,96761,111318,166624,863024,211316,683061
121668,142173,171809,101216,109796,169742,778732,208577,683682
170844,161897,185785,110824,110272,173581,770350,208243,682999
141448,143355,169717,149326,109317,258119,779584,207512,680312
139824,145431,167702,181978,110957,192676,888216,207452,683291
140166,140385,169621,158765,109914,170477,803346,208143,681276
124562,146708,232002,123624,108737,196412,1115826,208755,747040
124403,138538,194326,121039,111392,187966,1055121,207662,717495
123068,159895,145934,262849,121806,193159,1110474,207204,774848
129319,144593,144542,148388,109224,171970,1163592,207579,687126
123919,158001,145747,147595,110422,192047,1044272,206992,681485
123108,157523,145620,139980,109501,189228,1144498,206707,683404
124343,136130,156006,144923,109873,178377,1063600,208492,680260
126459,135418,153839,157380,108761,169943,1083025,207155,680442
124800,137360,148679,132141,110586,176112,1310019,210470,684003
124203,133883,151054,131775,107976,190923,928369,208497,750585
127001,163514,150201,121342,108948,185266,836583,736632,674675
129985,305601,150116,113408,109145,176579,1005115,210624,678517
119991,283245,152152,116833,109707,191390,803387,212903,679782
127551,319752,152098,102084,110675,171206,787616,207620,678504
123020,271770,150726,152259,110124,175115,803236,209416,688222
131066,278810,152502,102715,111311,172157,771055,206366,1167235
150834,276238,148003,121371,112906,175039,780301,213802,681025
125247,222922,149263,95746,108027,167775,883182,208887,681367
130689,204141,149706,100318,109078,230076,811366,207956,679317
132958,200527,150297,183963,114378,149122,1030508,209717,679329
125966,202256,148859,118461,111013,151211,1642438,207981,891892
126261,204695,153635,105663,108683,148238,1497544,206732,680173
123701,200941,153032,108068,109742,147468,1139463,207118,682984
129365,203316,153903,107074,109994,171876,1186047,207499,681549
131063,179023,151729,110050,108994,167704,1058435,207373,679164
130649,182353,150399,95211,113836,175671,1040464,208936,682272
153158,178659,149585,105067,110531,170956,1011931,208715,689398
149652,184223,153278,142178,109926,166452,967115,227943,679244
139603,181428,239056,129785,109720,168620,875321,206509,679440
123171,184704,234831,145193,109525,170225,845857,206578,677962
124135,178938,298579,140355,110003,195344,852437,227151,741667
123222,167820,297556,135904,108393,200512,810908,220115,1427535
127461,173048,365732,139597,110059,158119,754554,215539,1400914
125891,167901,215945,164441,108681,161280,839582,212410,1076018
123058,163501,203217,135343,109417,186381,1006931,212365,1033353
129386,160766,213436,138723,108547,193801,941003,208084,1030232
126942,163682,204985,121288,109003,206272,844366,206772,916646
128205,175085,230018,118726,108411,189135,1147694,208393,914922
126699,156630,228960,113648,108252,194612,1158060,210734,911936
126631,147696,229452,106584,153805,193995,1071051,209568,823765
127766,162195,228303,104670,109578,186291,1121757,209972,820692
132470,164740,226967,104808,109686,179308,1046477,208885,780306
130789,158184,228866,106243,108756,183032,906337,206956,877379
174960,148004,224156,107435,138766,257086,915576,205326,713850
160486,157383,224775,104945,109689,187000,838740,207971,1175454
148624,144910,264388,122663,108694,222078,789473,208982,686442
193832,157594,211478,119915,109331,170358,784294,229378,724512
147942,143472,201641,118766,109643,161224,828992,219359,681338
157736,160122,201191,97741,109468,195008,1166989,220266,680653
193132,138994,199531,97295,510844,212179,1009124,341540,683826
137870,147267,203084,96326,121301,184365,1119083,211641,682085
132507,188377,202441,96114,110640,192165,1181138,210426,680852
133792,148965,201810,95194,110106,196534,1192204,208044,682491
133808,144092,183162,96680,109966,217525,1072644,806331,681092
143202,148590,184524,111971,109747,198495,937023,208483,760021
134837,140966,181689,103138,109521,194484,861074,210311,721147
127619,152155,179257,113339,110348,187425,838209,209054,684155
128604,163396,180214,116069,158499,192643,821171,212247,683537
129079,162223,178273,116106,110453,189889,772775,211256,679329
129498,161999,190738,355748,109814,196737,736452,210556,683026
130705,133865,165451,142013,110193,200564,739063,209270,680451
140730,134965,162229,133424,108521,174740,732923,207509,682192
125140,132663,164733,312038,111410,180139,864135,207399,678846
124803,132329,163176,136912,110060,183558,1298360,208601,683554
139181,134128,177848,131859,110495,177879,922830,256376,681530
124343,135783,157461,121562,110240,169917,1095430,207803,677185
124683,137039,156277,121245,108680,174391,1253154,207045,678772
122887,138980,155425,113405,109721,167587,1167344,212456,825815
166978,168137,160528,118796,120845,179081,1117360,208683,724813
169489,180244,163831,119604,109739,167291,1071671,207835,681639
141594,142470,156158,114045,110071,177012,939294,209189,681709
135952,138607,151746,100657,109916,170079,912068,208026,680816
136375,135757,155143,108366,110983,175333,889999,207791,679180
119042,138841,156955,94878,110275,172175,876789,215581,684736
121755,136163,154035,94927,162307,175486,877832,211858,684344
129460,180317,153194,123246,111082,170812,914825,207274,679636
122744,165192,154393,102623,109927,177132,876566,209377,784103
130089,163993,154498,106012,108993,171805,787121,207457,715481
122484,141002,158334,102211,108716,172218,807885,212150,680384
133865,141058,171495,99108,109723,168581,818622,210641,681349
121972,140443,149500,201409,109573,167714,778923,217843,683267
128397,136234,152079,268097,223276,166805,999544,209202,680342
122337,142729,149322,192929,110458,190128,875760,212033,684802
129463,139262,148922,209983,110196,173576,763265,211907,677855
125553,131710,149718,228177,109552,168991,746829,206994,680242
128060,133913,152231,511533,112953,170178,777676,213212,685348
125947,132464,150434,112181,109679,172338,748935,214270,682095
194190,128683,200988,94677,109461,168819,750581,212104,677732
140298,131856,168016,92456,109716,176915,762200,213201,678586
148643,130810,170612,104293,108869,173268,879119,207809,682314
136828,135861,164328,149306,109313,170098,804548,211994,678527
126906,132244,164457,107721,109182,172288,864793,209836,685115
123644,130663,165633,94046,109643,171152,1841796,208101,679966
131287,176379,284870,92888,109293,173979,1205553,213481,680721
123653,138188,243352,92271,108856,171102,1148847,212091,681552
128294,138143,188504,91036,126432,168627,1263588,207647,680268
121766,166053,175482,95769,109611,168752,1049044,208879,677856
125668,136766,166631,97763,109703,169544,944616,210034,686508
119761,135458,247780,199619,109111,171633,938243,206020,681045
126153,138965,176119,188167,108865,169015,1010884,208306,679990
124605,135357,169718,284100,111544,187571,942668,212559,679000
128037,138827,157306,123864,109286,173122,916681,208084,680305
124457,132800,158919,94937,110367,179701,836776,212288,680539
134041,137513,152979,107411,108869,175041,825527,210210,681058
126455,168893,150312,235156,108691,170813,942615,208155,680634
130538,156039,152697,112081,109240,185671,1187129,732356,679845
124247,141608,154837,98037,372854,169926,1032476,215305,683232
127752,147139,155858,124488,114837,174499,1051019,209082,700463
128474,144018,152323,262079,110085,167660,910707,208609,718025
135145,141687,161243,145502,110722,175412,931490,211975,717012
124057,151612,150860,119022,109852,166100,900014,207415,681407
132080,140905,149119,175246,109092,175899,869759,206416,683346
129032,129647,149711,214279,109474,172184,774462,212917,748655
140976,136042,162715,157348,111262,175194,714292,211224,679533
130909,135012,149740,145120,111181,167668,716979,211547,680135
133111,141194,148813,153049,110704,185517,716958,209905,688966
130364,139452,151877,266371,109978,168329,718066,205525,681648
172307,206344,182487,303995,110700,177318,1076321,211164,679579
146452,145893,177429,131627,109935,169757,1587017,210503,684415
148719,140301,332089,131151,109523,166900,1781189,217077,680749
132475,140542,269000,114307,109002,169620,1398949,207663,681983
135307,139128,313985,128304,112055,168009,1229194,205964,679620
139362,145153,300719,112675,108610,172742,1141079,209995,682138
133771,187152,297837,111442,109017,192298,1092992,206613,680261
130834,147158,297702,109969,109617,175126,1107434,208051,678975
129173,142870,301606,109109,109901,171314,1008516,208725,682524
145828,166368,293767,104027,114041,171037,910563,211314,682693
129568,142854,294759,108142,111968,169675,957674,222470,677524
127623,140069,221433,253638,111029,184408,833056,225781,678237
125396,144128,219401,169963,113160,173581,807499,229641,682984
131239,157947,220342,427917,109843,168969,850615,212153,683094
126599,152366,221013,140000,112839,173380,905769,210520,678822
129451,145692,219990,246222,111939,173071,814602,210778,776536
123467,149465,226490,126488,191782,173429,801912,209287,683672
262739,138980,221241,123129,112967,173377,787417,207040,733187
156371,135431,220980,303729,114309,173565,801140,206403,718454
142741,166091,229711,302683,110569,175703,926506,211286,694102
135658,141031,195996,213352,110397,172182,791656,209857,1018119
132811,139364,198662,398404,111309,173702,1188738,209583,682697
135092,144886,199264,107094,110025,172597,926541,210759,677078
129024,135792,200882,102450,109810,175437,865452,213426,679843
135429,135095,198068,109474,109554,174020,1123785,210884,677719
137443,131145,194103,105783,114521,170722,1431842,210367,679364
135942,132701,194380,94959,110482,171839,1199146,208917,680618
133348,134190,198590,94921,109147,171747,1165394,221298,680058
138781,134942,203801,94423,108299,172167,1377755,278680,680447
128802,130043,179303,103428,109141,175368,1170398,208570,679928
145615,131168,176468,99288,108858,179938,988684,210187,679688
128253,131595,175082,300749,109157,180387,932170,223138,713272
133824,136175,176683,257517,110174,180805,957601,211917,717295
128786,135191,176649,284361,110304,181551,918001,211391,707533
137291,133355,180975,136698,109330,185850,814061,239211,678125
134033,130963,160974,122288,108856,182787,790892,212688,682549
137037,131437,161305,107063,111043,172937,770720,210572,681141
127134,137516,158917,93493,109102,181884,807093,209951,675376
133384,136882,159656,94452,111057,179174,776296,213251,682626
140404,134551,169834,109744,109716,198499,791125,207219,677929
131757,164281,154652,120096,109783,172541,1186738,210343,678872
133164,162335,156402,194103,151842,181612,1589464,209215,1044804
157562,134597,153790,194048,108092,171703,1548561,209932,680163
133221,136529,153229,175162,109455,185555,1167958,210961,682435
139045,132157,164322,151591,108531,174453,1194245,210451,678493
146929,141897,154066,277797,108833,180110,1019877,209759,680038
134431,136624,152955,251398,108462,176454,1127276,212388,684172
147517,177120,186492,227366,107951,182092,1006846,210499,682481
200960,179096,183266,138321,108275,173104,935603,207797,680450
166249,192300,154997,99785,108832,187077,899409,211404,678357
123824,132616,160151,97001,110387,183855,835565,209775,683097
140800,144728,176806,122946,109099,180495,825879,209614,681516
113339,136659,180371,122839,109417,180863,787530,208527,684532
141899,146070,152900,105628,110341,195412,832134,207956,684215
156997,135839,151506,93166,108641,173882,1444748,208573,680547
144872,140731,152958,112059,393294,173058,1251532,209168,681029
266930,134325,152313,102907,110688,175105,1190182,212377,679352
218909,175001,173293,95417,110082,178970,1309719,207194,680538
160660,132798,159129,120963,110913,174634,1028550,212352,719456
153054,138652,166774,105959,109277,178509,1124352,209314,695638
220243,133164,157560,100043,112641,176248,940794,209850,683718
175083,153722,157549,94327,110130,186057,919561,206075,675917
162576,141498,158566,102011,110379,184809,866533,211542,680469
133634,145400,155637,104616,109653,174830,829321,208762,679769
144346,143357,158230,108626,109047,174558,852747,207358,1050671
134763,134395,211855,94780,113983,172377,775794,210814,687035
129448,131913,183026,213120,108966,188633,860479,208742,681622
133488,132117,163165,99157,109420,182904,1011805,207204,682259
143901,143930,163605,109731,109551,172539,855082,227599,740610
145409,138709,156536,175305,109898,173023,819372,221684,721037
140346,142383,161823,235179,109603,175636,775498,217950,683257
134296,147830,157653,216157,108847,172573,1040941,208736,683199
137551,145511,158481,247669,110420,173580,797855,210124,680552
136233,142226,159758,264739,108720,171979,1098097,207360,678297
127287,172962,161102,270913,107578,169388,1026614,212413,680147
131636,148795,164455,269687,109452,188151,862854,206121,682532
126313,142955,161470,119362,109565,178013,820286,208526,679443
128462,148848,160638,99374,110113,178846,782384,207026,682680
123945,138859,175044,94983,109309,265108,777552,206116,677883
130307,137894,157398,265482,108829,252531,796516,210308,680004
135958,165214,152570,228761,109619,262885,838714,208187,680014
131702,152363,162715,324728,108767,255144,825940,741731,679548
127295,133395,147691,246972,108733,268995,888798,211146,777295
128037,130606,169104,258724,114195,252208,1502729,212554,727097
138219,130949,146080,170957,109665,242569,895791,206674,701660
135033,147009,144760,244634,109580,221589,908248,212035,723743
137108,136250,145896,104367,109471,183957,799691,212603,680242
145774,134199,146146,150784,220531,174751,787010,207522,680360
228640,133752,145572,145715,111335,188525,1186490,209585,685417
161934,136736,146643,121001,110533,170476,1092019,207515,691605
150952,135451,148912,108705,109761,182560,1024468,206455,679840
139246,133383,146586,129053,108838,177044,1014219,210862,681773
127279,130975,146266,120878,109026,185708,922332,206794,681769
135384,134679,148196,171000,110343,173779,958242,207073,679749
185905,206109,145586,104397,110220,172551,853697,206455,685770
144193,135467,145580,120133,109863,172748,839286,212805,684167
141964,134221,149424,122211,108089,177845,777397,210099,680968
124673,134704,148678,136589,109074,183351,820201,213478,679474
168638,132286,147085,117389,109749,234671,784839,231652,678965
136006,164843,146415,107544,108872,155942,787095,209966,683009
236856,136942,193462,116244,110090,174482,786813,230667,689458
150478,133534,147537,93965,363285,171307,873603,227872,678887
141852,132961,148034,124341,239967,171291,767814,220194,678629
166969,215639,148360,114324,229012,175932,1031420,213398,676837
153360,151548,147817,100923,227733,182985,946159,213489,753113
192280,150753,169930,115567,226968,173488,955606,213340,730057
158487,117803,149961,103756,224879,172109,840990,208285,696836
149290,121359,146204,154578,231570,176937,791791,212896,681797
186931,161709,144985,102453,227982,180259,792162,211974,681345
156279,113561,145210,97657,168420,177622,812009,211396,683269
130912,134080,148403,129327,166947,184768,842400,207897,680690
133570,124207,150312,91031,165760,181805,929892,211850,960898
125989,194841,145482,89951,166208,182890,919356,211173,689797
124287,156894,146522,90482,163295,171214,832617,208241,683664
127663,191574,147263,93800,165243,170152,782358,211377,681654
137145,241353,155354,105060,164437,178561,782102,211941,683046
129473,283374,148196,105613,164275,175594,950734,211488,680448
126599,228238,147960,100857,163883,170856,786207,212572,682091
123819,281211,146800,92301,163433,171657,895542,739315,682050
127455,253095,148733,194063,152007,171539,954922,255304,685509
127524,267199,144270,228462,148807,176345,941531,213061,688702
128645,121974,144458,185145,148097,173498,826904,208272,684971
130648,131516,144771,203013,156042,174641,805083,208936,681957
131085,125396,148267,107262,149145,175306,816098,210962,701733
129490,109588,147813,107585,150127,173144,783005,214497,704522
133451,108472,147026,106021,145859,172776,777137,213712,729111
122762,132954,146734,106169,148081,171841,781427,307279,682090
121931,115764,147150,107350,130022,180188,811594,213915,683828
123709,231332,146201,94584,130789,171915,813970,213688,690594
122450,115765,147781,93339,130213,176475,769273,212536,765425
129676,112284,149545,93973,130782,184925,772561,208329,708880
148386,112456,148794,108570,131093,175829,788891,210829,723282
232647,120759,158930,95391,131044,185394,792825,210844,682621
167478,142896,150263,122963,130995,172739,804385,213848,682809
180280,124914,149896,122367,129827,186314,808602,211145,680932
172946,343810,149396,118161,121012,175018,1748194,210095,1127007
230283,118882,149481,135231,119805,186456,1801810,211136,695551
201493,276791,150293,107739,118729,178434,1762816,209768,684051
235635,114555,149748,92378,118757,185618,1753800,208291,677476
171676,112916,148998,91290,117601,177605,1795726,211229,684721
180232,108567,149362,100801,119070,185249,1503658,207962,743657
126792,107297,153253,101996,110019,178209,1785338,213873,719790
154298,108399,150078,108784,109207,192134,1803323,211385,695370
138591,107127,150912,129288,141354,173196,1270252,209524,681776
156296,107220,157385,119624,108817,191712,1449904,724498,683616
140990,106993,157131,106102,109606,178820,1420091,213411,680086
227316,122540,156680,307727,108987,191096,1542753,206818,684178
145211,120739,157669,307278,110575,180872,1583831,210960,676814
141187,111264,157178,293311,108408,178957,1644478,208478,679973
129501,111593,155650,136845,108887,180032,1697694,211759,733582
129253,109705,154188,213940,109317,179603,1596521,210336,683428
129526,124241,151768,224950,108420,185216,1615353,208177,681251
124892,149343,154005,228956,109570,174437,1407917,212055,679658
121813,107184,156455,151320,108781,182404,1587326,209136,678565
128132,111715,153994,183412,108517,184078,1625958,209041,676887
123763,108263,170653,206848,109142,173504,1514715,209534,678255
123448,107229,158395,318266,108394,177072,1507164,208795,678606
127264,107245,149063,99752,532091,174387,2353190,217011,677622
132559,107035,149594,96619,110085,183298,1590749,212581,681449
128077,120670,149857,95507,109398,174279,1859606,230450,1055128
125724,113058,153890,106069,110366,182679,1304548,221472,678920
126266,121633,149567,130319,110399,171355,1914392,223112,683450
127504,176489,160262,110370,223961,172523,1727643,214149,677764
126919,121058,149946,106440,116463,171313,1314842,207474,683824
128637,349068,148722,95138,110979,170607,1393485,214963,683734
132517,280552,151684,104208,110148,173110,1471369,209100,678576
125416,253632,148398,112187,114490,174332,1593142,212915,681605
125357,115385,145980,109812,113301,171509,1942851,206972,679936
129622,115374,144927,110335,109791,171606,2033699,209446,680115
130401,279842,148500,108969,109586,172680,1807112,208174,682177
124277,271826,164805,112922,109292,174033,1437499,213865,682678
138679,290475,152198,114687,110377,183743,1204660,207345,680069
125682,265270,149919,110941,110620,172913,1703902,210510,681547
131043,317829,153074,110556,110212,192868,1141754,207670,679473
124556,138080,150652,115571,110860,173633,1520613,208705,684727
249074,115859,153374,112709,112331,182080,827148,208522,679878
136874,114664,152539,134337,113235,172727,844808,208588,703817
200930,116579,152267,127955,112301,189844,811700,206219,691768
183357,115028,152101,136937,109635,177426,894511,209294,679464
178085,113244,152247,140321,109188,182862,983692,207510,680201
258216,147423,153981,131923,112519,169794,797302,207921,679863
216288,132662,152259,144042,113973,184144,780265,209157,679577
183143,151510,148933,139890,108809,173703,797663,206758,679575
187880,128093,152461,138385,109926,182452,776663,208152,1224328
185986,125903,152864,133809,110539,170520,779237,215466,692484
275605,130198,150899,131784,108614,181426,966583,206829,683619
170565,125536,151450,138210,110465,172378,880892,210347,685746
143905,107109,151603,127132,111493,184223,808402,208784,682778
259734,141297,152550,126210,110647,174404,806924,208413,689478
182010,122525,151710,522044,109258,174572,775216,208549,684359
145028,112413,149668,116401,109916,171355,936324,207677,683621
136752,111133,153202,119015,110015,172498,782825,207487,684428
133957,116115,153084,126663,577265,174107,883873,213117,685148
143359,110041,188284,115841,111085,171052,847395,208373,686586
131714,104986,150413,3957796,110735,173606,835772,209265,683652
127857,106431,150113,183795,110838,172600,773470,210689,685748
123333,107227,148931,111623,110298,172304,795180,211427,685216
148661,106390,147897,99336,110094,172912,1167859,211030,689770
125858,139270,144414,103561,109008,176770,1431658,210286,679517
127752,114106,147941,104530,108140,176287,1068363,208642,683957
127534,124767,149223,121007,108765,179495,1022407,212954,681956
128421,109462,152153,95381,111578,174766,1000033,219698,680179
124027,107109,145260,95529,108381,178274,931783,207622,684047
129857,105487,144568,120858,107525,173201,907485,212182,682876
125188,106635,149505,94637,108583,178852,895657,211515,681278
125909,113488,147515,95534,110975,171883,807779,249277,681867
128437,107675,148532,116669,109297,172097,768074,212508,686214
123789,126316,148627,94179,110374,174846,870130,210758,686500
122156,126525,148805,94909,108738,180044,828915,209731,684079
123671,126159,145310,94021,108797,172216,999270,206351,684139
147326,124686,144716,93750,108815,173244,784599,213438,681896
157474,263982,145600,93057,108326,169592,943018,210502,681541
137551,153676,147093,94635,109722,174998,904521,212265,933122
126581,128240,147729,93282,108715,172185,843495,207640,696462
125341,119710,147018,93475,109325,171354,816051,212391,687427
126352,123682,147257,92116,108487,171632,1559141,211629,682780
129033,111916,152389,93019,108942,176377,1201270,212104,683779
129012,112285,144995,92975,109223,171870,1048886,207227,1012519
122622,130440,145904,93695,108426,171999,1004136,211128,1033129
125402,119891,180140,93432,108624,174116,991181,209038,1036956
135856,117756,161210,94447,108989,171980,1262565,209447,911043
237062,114494,148103,94233,109003,178911,1053322,513882,917333
210202,130978,149339,93574,108561,172641,843387,208556,1304773
167065,109820,148622,93267,247350,172589,796674,209450,821498
175606,126400,151512,93206,111427,173743,863283,207125,824484
148858,126491,146128,94066,110658,176279,811862,534425,748309
143568,133353,145770,93873,109249,172418,764669,426068,719758
165168,116923,145883,93982,108879,169703,1105514,424177,681748
145260,118602,148825,99587,109541,173752,835030,421890,680788
138962,115632,149255,100896,109210,184103,775071,424060,730863
122399,136554,148897,101551,108292,178401,767658,419975,879486
255823,369680,148164,100102,114398,187833,823787,311739,728963
219076,147046,149157,99759,111323,175182,755583,314624,710103
116587,118349,147525,99050,110129,177077,952562,312853,681536
180193,119715,145857,93323,109842,177938,754421,310280,683764
158878,111790,145106,93705,109228,181993,990491,315567,680875
131724,118384,146673,93224,108501,209419,1159739,314383,681498
129471,135488,145333,93845,110451,174959,994682,312240,681476
126167,127289,145426,93845,108543,180946,990834,278224,681715
127102,143572,151662,95208,110132,180055,1085288,275531,684455
127489,135873,146637,93937,109574,180549,937292,279297,684151
123416,158441,147383,93820,140231,172419,935584,278535,678934
194609,127024,149552,92707,110594,181361,866001,275364,687549
118545,147823,148337,92618,128439,170766,775692,845437,684248
119795,113284,144160,93336,110303,180926,749122,249276,750687
118567,135211,148029,289429,109116,169541,1084106,250045,705448
120781,134007,144453,202153,108133,186955,831415,250119,1081353
124286,130839,144299,195163,109229,169580,748972,250231,686038
121302,130334,144760,128809,108853,182581,798868,251333,682649
126227,146664,144290,119581,109694,168509,759692,248439,681799
120949,141204,145621,175197,108837,183344,754411,228625,681175
118320,122006,145252,153740,108250,175024,783875,224662,682292
118093,115746,145470,122352,107983,182624,809700,226287,684236
118978,198818,146894,123936,107871,175950,731588,228193,682241
121558,240250,145413,119778,108325,180798,719351,209879,680360
121611,113291,147140,120283,109002,173598,715767,207829,682380
120924,117751,144970,138566,109791,167912,731954,209420,688056
118568,114736,212722,124494,108591,169711,741319,213847,682489
133289,134393,146604,127019,141367,175745,899509,332790,681376
122926,116349,145102,103762,109474,171516,724186,212478,681528
118020,126811,144630,102362,109328,171710,777956,209957,681882
132802,113935,189654,113041,108882,193223,875587,207200,682507
121797,131006,145648,103546,108983,176352,737186,211025,684495
124065,113969,144819,103734,109458,168492,929419,207423,681300
123563,130777,144297,103727,109414,171661,894897,209613,681727
141548,137168,307463,97920,108127,172804,732291,210002,681927
148084,111797,145326,94154,108968,173870,718980,208713,682679
197213,228095,144777,610089,108581,171153,862318,209430,685572
145148,240423,144924,96458,107999,172300,843134,207796,687067
190372,165709,145333,95581,115482,183905,890047,768236,680183
163041,164916,144761,94541,109544,183740,777480,210953,691562
174968,162471,145286,94433,109238,180615,779845,220421,734782
129180,174886,144944,95013,109056,172648,773046,211734,737782
134999,175237,145152,94623,108618,174110,827688,210853,731785
129044,168604,145975,93344,109451,173627,762435,207916,780513
167396,169854,145293,93127,109558,176276,771870,209157,748397
164453,171801,145132,92906,108088,170212,778231,208238,730964
149718,171227,481716,93942,140174,171402,900364,246370,732211
140275,150725,148861,93297,205760,173083,861234,209536,743227
127483,168704,146680,93498,111049,177401,772164,209041,800763
121142,169970,148698,217563,109778,170316,763301,208651,755812
188900,150211,144785,191558,109658,185745,752660,209283,774743
145240,148945,148652,185919,110258,171470,825979,207047,727375
127893,153440,147023,184149,109569,182492,870140,209084,728359
122673,142487,148365,141354,109624,179516,841592,208580,736342
123875,135421,146778,135797,108088,187000,1021451,212882,732267
136858,116560,147730,135332,108758,171230,847216,207595,737907
121296,163468,148324,136336,109135,178777,782952,208307,740445
125574,182016,148130,133990,109435,170157,729112,209601,787428
131212,270300,144704,134771,109831,183099,730598,210669,887442
119881,189069,148402,134380,108850,182626,746450,210960,822399
125016,183828,148210,133521,108736,181313,916182,212273,735055
120701,216867,147018,133137,110059,167072,744219,208090,746358
124730,210499,147298,133121,108904,181183,732257,219552,743411
121898,225320,146504,133186,110256,177669,870580,228860,735860
122583,164489,146519,118389,109382,188481,826867,225807,745329
125307,175012,145691,118892,109479,173585,767455,288417,746505
125843,371956,143582,118553,109251,172661,755269,428037,740922
121700,122567,146762,119242,108445,183914,922209,420497,755146
120690,147633,146379,171174,109105,173678,883443,407246,753216
118099,336387,189217,133678,110281,173630,765204,417914,742615
127078,178862,199845,131086,108495,174263,929504,404973,758022
122521,169715,166688,130087,109031,181613,974126,487508,754355
120396,130845,148547,128976,549878,171659,817674,377977,745186
121499,166560,146325,130377,110683,181479,925632,386644,755046
140897,145620,463396,176562,110255,172736,784543,391476,745938
120437,166537,146702,153545,109451,173226,772416,394511,757033
117529,172972,145442,134173,110329,178974,785741,384080,747010
119593,149367,145901,150333,110372,183171,716027,362201,779051
130255,118861,149420,123934,109988,175882,727155,354221,771891
140633,215456,220532,125419,108551,175523,868411,359596,745437
133547,267935,146881,119556,108510,175369,947261,345342,736364
159826,250112,145985,122032,110639,208539,797976,345769,799012
180754,244155,147864,115157,108559,197575,763031,342870,787666
262026,411343,144132,114155,108837,193615,817295,921140,753978
213534,297014,143002,121143,108604,179002,770881,250799,726850
140473,388911,146908,114529,108986,197508,805726,251543,733276
165532,232028,146568,126813,109745,175352,734404,249631,732269
142568,293962,186466,102798,109232,186620,802605,229902,728182
161576,136083,145458,104436,110185,174946,1076493,244349,737990
152777,127086,156168,103238,109153,186267,929869,225151,731368
168530,372723,153829,103156,113102,172881,814537,226402,730046
128517,314358,153993,102948,111210,173233,738421,212599,740721
129922,124189,153580,102538,110162,176381,751737,210469,740212
120525,252711,145338,96933,111328,176853,786743,211891,730710
126955,123079,146436,102779,109840,179241,775688,206711,737179
125140,162813,146496,103136,109646,177314,760673,206097,729534
189490,136151,209673,101278,109793,175713,891279,207101,728252
104783,113033,171671,96912,108985,174388,820495,210772,745953
128971,116499,170021,97393,109385,183836,752939,207170,742923
125976,122899,143972,96483,109283,176449,839819,208334,728275
204271,107191,143966,95846,108692,175020,856714,206645,750808
158412,341831,143776,96500,118894,173120,786279,209177,741610
146371,127890,145691,97208,107947,179181,780673,207461,734841
145383,121156,148543,96054,108132,180249,864302,209729,768715
148651,304030,148255,96038,108572,177534,961997,209727,764028
147316,113972,144389,94958,109086,177712,932140,207361,765061
142988,265057,144571,95826,109296,176607,874385,212310,737296
142411,481531,144070,99021,107878,175500,754354,218155,728624
176177,350274,144506,97791,116733,179236,746043,215595,739549
132438,127065,145662,99228,110843,175125,760498,217745,737884
136797,117034,145278,99349,129733,179421,822362,225807,728270
131172,137756,144912,96635,131526,176347,744616,214424,734518
147730,111018,370996,95458,136482,176643,813140,214024,757284
120856,117937,148158,96551,138502,174400,894073,213095,729791
160441,121739,148200,96821,128949,172959,774612,234084,794204
122491,118923,144936,95584,129461,173128,763258,336510,778637
130456,108074,144596,96686,132611,173200,751770,211436,763616
121240,128206,148452,95823,132204,173376,888389,209099,734740
144129,247307,147412,97331,141182,189301,775483,208226,741204
128128,129298,148556,96995,130668,195830,782506,210368,731074
128988,123422,148683,103193,133799,193135,732756,212079,732467
121261,123457,148271,93192,131954,182055,841346,208198,731119
129071,127740,144210,93033,130813,191749,841020,208805,731697
125666,132828,143959,93514,135749,174377,777641,210722,737492
124994,121749,195298,92926,130575,178952,854443,208855,858382
144902,189926,146205,92737,133468,177835,755155,210225,770103
126889,327560,146469,93486,134276,184960,1000111,211812,774457
125558,351581,146470,93417,134669,175024,1137917,208480,742159
128929,412853,146866,93067,141022,179413,793689,209035,744145
130213,154482,146570,92599,133706,177042,895711,208172,747719
145141,843787,153897,93173,131848,204093,831692,211235,745413
213613,156186,143648,152345,112124,189403,819597,208397,734580
172995,116769,147574,98951,114868,189178,794797,210573,735855
167975,131167,487962,96181,113789,172955,761959,208573,732328
238162,114033,146438,94171,113311,173753,745124,207439,731315
176012,112067,148717,93615,110087,172586,769857,677484,744713
160804,110596,145434,108826,110673,175122,845791,208912,776274
137978,110156,144330,104802,109459,180292,895339,209391,758079
165342,111459,145145,150059,110008,175245,846479,210625,781210
154432,136536,144350,156959,110981,173640,782725,210492,741813
134518,145017,143892,114789,110598,172459,849578,207523,734581
123172,116196,143032,106742,113349,175014,787263,208487,740203
219439,152049,143398,134082,109568,173361,775988,211674,738263
190520,144717,146255,113997,110167,169800,724558,211042,731408
295106,173275,143995,149118,110320,170529,737587,210680,736068
163198,179656,143979,148246,133930,172230,933916,209723,826583
148911,350001,143354,209533,176023,170267,978046,210684,735564
147581,159247,142826,200405,134552,176227,728890,207953,807609
143817,160809,143508,194679,132942,178126,783774,210524,741389
140824,129655,144009,143939,130979,169760,870971,210683,730266
140396,151981,143972,142041,139277,172003,813499,209488,739035
127828,148851,148725,180260,131610,168740,830651,209280,736901
132016,160236,169608,165138,129661,184916,745178,245784,732008
144649,163092,143825,149695,131788,171986,835799,243889,739785
132847,147056,149535,147770,134756,176195,827971,207672,737259
124089,141592,145319,144607,134062,172949,796369,211351,738603
125407,157651,144249,146859,138000,174543,814510,209984,738434
118192,168753,143569,145323,130642,174891,748869,208668,732619
126349,170405,144638,143420,140724,174106,794254,207940,741802
126207,176762,146189,141928,133101,173841,816923,210044,731785
128904,162022,143776,146288,131281,172881,1014896,212342,747068
124944,160311,143517,125471,137441,184683,932461,739317,732922
128796,164374,146303,125593,129712,175089,1050048,218903,732487
139249,140514,142490,126087,138637,197149,1231905,209165,732265
139084,125556,143154,125901,133473,173324,792940,211093,785938
134539,115144,144844,125325,130919,186841,807042,212930,757187
134147,107955,143618,129887,137049,177356,814283,212489,738085
135994,112707,146710,126012,130977,185842,806287,208661,738540
141553,108733,148095,125830,131697,187496,822894,211183,726920
131780,106987,147216,125372,132039,181984,978993,213584,733776
136928,121795,147265,135134,130753,176851,795873,211662,735957
133791,121922,148557,113288,135964,195748,748358,211648,730283
136204,308423,145026,113144,129990,174582,730209,210871,737176
136858,127009,144124,113075,128800,183839,792858,211029,735063
133946,118474,143803,112566,238349,175107,854060,207744,730124
194491,125907,144345,113758,132776,187850,834402,208293,733754
177357,124223,143039,114596,134335,177223,810871,210520,735342
214865,123965,143216,113252,130112,181411,818067,210292,726946
200361,122781,143896,114468,130405,173055,1019471,209213,732365
156378,110705,144410,138421,131304,176676,969853,206141,735527
162377,119545,155017,233869,130364,173677,975415,210271,726277
130155,114826,154586,275648,136791,171455,913958,329631,780579
141837,165860,143637,152754,144705,173111,755260,209815,755885
143966,132318,147173,105999,142543,174682,938885,211165,732897
134928,112458,146344,170168,131644,172794,841538,667530,753915
131601,145838,147234,193384,129321,175522,991122,209679,747146
129064,126700,146361,194048,130966,174327,795712,208834,736805
